날짜,평균온도,평균습도,target,년도,월,일,요일,주,휴일
2018-01-01,-0.2,50.6,17644.86,2018,1,1,0,1,1
2018-01-02,-0.7,61.9,26834.04,2018,1,2,1,1,0
2018-01-03,-2.6,46.3,28060.38,2018,1,3,2,1,0
2018-01-04,-3.2,47.3,28473.3,2018,1,4,3,1,0
2018-01-05,-1.2,57.4,28055.88,2018,1,5,4,1,0
2018-01-06,-0.8,58.1,26185.32,2018,1,6,5,1,0
2018-01-07,-1.6,60.5,18244.98,2018,1,7,6,1,0
2018-01-08,0.9,79.6,26524.62,2018,1,8,0,2,0
2018-01-09,-2.6,81.9,28085.94,2018,1,9,1,2,0
2018-01-10,-5.5,66,27727.92,2018,1,10,2,2,0
2018-01-11,-9.3,69.4,27326.88,2018,1,11,3,2,0
2018-01-12,-9.5,55.4,27084.6,2018,1,12,4,2,0
2018-01-13,-4.3,80.9,23590.8,2018,1,13,5,2,0
2018-01-14,-2.1,77.5,17406.18,2018,1,14,6,2,0
2018-01-15,4,70.8,26840.7,2018,1,15,0,3,0
2018-01-16,3.2,81.3,28632.06,2018,1,16,1,3,0
2018-01-17,3.9,89.8,29667.96,2018,1,17,2,3,0
2018-01-18,3.5,72.5,29745.18,2018,1,18,3,3,0
2018-01-19,1.1,52.8,29579.04,2018,1,19,4,3,0
2018-01-20,1.7,64.5,25658.46,2018,1,20,5,3,0
2018-01-21,0.6,67.8,19132.56,2018,1,21,6,3,0
2018-01-22,2.6,59.5,28402.38,2018,1,22,0,4,0
2018-01-23,-8.1,51.1,28599.48,2018,1,23,1,4,0
2018-01-24,-11.9,35.4,29566.08,2018,1,24,2,4,0
2018-01-25,-12,42.3,29348.46,2018,1,25,3,4,0
2018-01-26,-12.6,50,29386.8,2018,1,26,4,4,0
2018-01-27,-9,44.9,27077.22,2018,1,27,5,4,0
2018-01-28,-4.3,41.9,21793.86,2018,1,28,6,4,0
2018-01-29,-6.8,46.6,28562.94,2018,1,29,0,5,0
2018-01-30,-4.1,56.5,29259.18,2018,1,30,1,5,0
2018-01-31,-0.6,44.5,29472.66,2018,1,31,2,5,0
2018-02-01,-2,41.1,30066.12,2018,2,1,3,5,0
2018-02-02,-2.3,48.1,29577.06,2018,2,2,4,5,0
2018-02-03,-5.4,53.6,26071.56,2018,2,3,5,5,0
2018-02-04,-7.9,46.8,19335.6,2018,2,4,6,5,0
2018-02-05,-8,43.9,28596.78,2018,2,5,0,6,0
2018-02-06,-8.7,49.4,29608.56,2018,2,6,1,6,0
2018-02-07,-7.6,46.9,28937.7,2018,2,7,2,6,0
2018-02-08,-3.8,45.5,29024.1,2018,2,8,3,6,0
2018-02-09,0.9,48.9,28796.58,2018,2,9,4,6,0
2018-02-10,-0.1,48.5,29801.16,2018,2,10,5,6,0
2018-02-11,-5.1,71.9,28341.36,2018,2,11,6,6,0
2018-02-12,-5.9,72.4,27847.62,2018,2,12,0,7,0
2018-02-13,-1.3,66.4,20025.9,2018,2,13,1,7,0
2018-02-14,4.2,60.1,9433.62,2018,2,14,2,7,0
2018-02-15,0.2,39.4,8631,2018,2,15,3,7,1
2018-02-16,0,45.6,8719.02,2018,2,16,4,7,1
2018-02-17,-1.9,31.6,8914.14,2018,2,17,5,7,1
2018-02-18,-0.1,35.4,9105.84,2018,2,18,6,7,0
2018-02-19,2.1,48,16805.7,2018,2,19,0,8,0
2018-02-20,1.8,49.6,27319.32,2018,2,20,1,8,0
2018-02-21,-0.1,30.5,27278.1,2018,2,21,2,8,0
2018-02-22,1.3,47.4,27822.42,2018,2,22,3,8,0
2018-02-23,5.2,67,28225.26,2018,2,23,4,8,0
2018-02-24,5.4,43.5,25575.66,2018,2,24,5,8,0
2018-02-25,3.3,33.1,18831.6,2018,2,25,6,8,0
2018-02-26,3.7,38.1,26787.96,2018,2,26,0,9,0
2018-02-27,6.1,41.4,29268.72,2018,2,27,1,9,0
2018-02-28,5.3,70.3,29577.78,2018,2,28,2,9,0
2018-03-01,1.1,62.9,28671.84,2018,3,1,3,9,1
2018-03-02,0.7,40.5,23512.14,2018,3,2,4,9,0
2018-03-03,8.1,45.9,19756.98,2018,3,3,5,9,0
2018-03-04,13.5,63.4,16236,2018,3,4,6,9,0
2018-03-05,5.6,71.6,27261.18,2018,3,5,0,10,0
2018-03-06,5.3,54.1,29901.6,2018,3,6,1,10,0
2018-03-07,5.7,61.1,30210.48,2018,3,7,2,10,0
2018-03-08,2.7,84.6,29888.1,2018,3,8,3,10,0
2018-03-09,3.8,70,28339.38,2018,3,9,4,10,0
2018-03-10,4.3,63.9,22269.42,2018,3,10,5,10,0
2018-03-11,7.4,52.5,17469.18,2018,3,11,6,10,0
2018-03-12,8.9,47.9,27013.14,2018,3,12,0,11,0
2018-03-13,12.4,57.4,30949.38,2018,3,13,1,11,0
2018-03-14,15.9,58.9,31260.24,2018,3,14,2,11,0
2018-03-15,12.8,91.6,30568.14,2018,3,15,3,11,0
2018-03-16,5.7,64.5,30101.22,2018,3,16,4,11,0
2018-03-17,6.9,49.3,23368.14,2018,3,17,5,11,0
2018-03-18,7.5,70,17742.24,2018,3,18,6,11,0
2018-03-19,7.6,86.3,29285.28,2018,3,19,0,12,0
2018-03-20,5.9,43.1,29999.34,2018,3,20,1,12,0
2018-03-21,1.4,80.3,29276.82,2018,3,21,2,12,0
2018-03-22,5.3,63.3,29488.68,2018,3,22,3,12,0
2018-03-23,6.2,58.3,29351.34,2018,3,23,4,12,0
2018-03-24,8.7,61.6,22604.04,2018,3,24,5,12,0
2018-03-25,10.4,65.8,17807.94,2018,3,25,6,12,0
2018-03-26,11.9,65.9,28441.8,2018,3,26,0,13,0
2018-03-27,14.2,59.9,29252.16,2018,3,27,1,13,0
2018-03-28,15.3,56.5,30355.2,2018,3,28,2,13,0
2018-03-29,15.9,64.9,31081.14,2018,3,29,3,13,0
2018-03-30,15.4,45.3,31211.64,2018,3,30,4,13,0
2018-03-31,16.1,49.4,27035.1,2018,3,31,5,13,0
2018-04-01,16,63.4,18464.22,2018,4,1,6,13,0
2018-04-02,18.6,62.1,28518.66,2018,4,2,0,14,0
2018-04-03,19.3,61.3,32872.14,2018,4,3,1,14,0
2018-04-04,12.7,79.1,32693.58,2018,4,4,2,14,0
2018-04-05,8.5,82,31458.78,2018,4,5,3,14,0
2018-04-06,7.3,69.8,30442.86,2018,4,6,4,14,0
2018-04-07,5.2,38.9,25048.08,2018,4,7,5,14,0
2018-04-08,8.1,50,17384.76,2018,4,8,6,14,0
2018-04-09,11.6,48.5,27764.46,2018,4,9,0,15,0
2018-04-10,16.5,49,32109.66,2018,4,10,1,15,0
2018-04-11,14.9,49.3,31951.26,2018,4,11,2,15,0
2018-04-12,13.9,34.1,32292.9,2018,4,12,3,15,0
2018-04-13,13.9,33,30860.64,2018,4,13,4,15,0
2018-04-14,8.8,81.5,25085.52,2018,4,14,5,15,0
2018-04-15,10,63.6,18184.68,2018,4,15,6,15,0
2018-04-16,11.9,54.3,29575.62,2018,4,16,0,16,0
2018-04-17,13.7,46.8,32335.38,2018,4,17,1,16,0
2018-04-18,14,39.9,32186.52,2018,4,18,2,16,0
2018-04-19,15.8,36.4,32318.28,2018,4,19,3,16,0
2018-04-20,19.9,43.6,33121.62,2018,4,20,4,16,0
2018-04-21,20.2,41.3,27724.5,2018,4,21,5,16,0
2018-04-22,17.1,55.6,20746.08,2018,4,22,6,16,0
2018-04-23,11.4,85.5,31889.88,2018,4,23,0,17,0
2018-04-24,12.2,73.4,32269.86,2018,4,24,1,17,0
2018-04-25,14.8,38.4,33039.54,2018,4,25,2,17,0
2018-04-26,16,47.3,33835.14,2018,4,26,3,17,0
2018-04-27,16.2,53.5,32419.26,2018,4,27,4,17,0
2018-04-28,16.9,54,28633.68,2018,4,28,5,17,0
2018-04-29,17.2,44.5,21148.74,2018,4,29,6,17,0
2018-04-30,19.8,58.4,33483.06,2018,4,30,0,18,0
2018-05-01,20.9,68.9,36902.52,2018,5,1,1,18,0
2018-05-02,17.2,78.6,36028.8,2018,5,2,2,18,0
2018-05-03,12.6,54.9,35002.44,2018,5,3,3,18,0
2018-05-04,15.3,38.3,33771.96,2018,5,4,4,18,0
2018-05-05,19,38.1,31141.44,2018,5,5,5,18,1
2018-05-06,15.8,90.6,23637.96,2018,5,6,6,18,0
2018-05-07,18.2,75.1,35226,2018,5,7,0,19,1
2018-05-08,17.1,58.5,35098.56,2018,5,8,1,19,0
2018-05-09,16.1,53.3,34305.48,2018,5,9,2,19,0
2018-05-10,16.5,63,36880.2,2018,5,10,3,19,0
2018-05-11,17.1,57.3,35796.42,2018,5,11,4,19,0
2018-05-12,15.7,85.1,29009.16,2018,5,12,5,19,0
2018-05-13,17.4,77.3,23022.54,2018,5,13,6,19,0
2018-05-14,20.4,66.1,36651.78,2018,5,14,0,20,0
2018-05-15,24,57,36888.12,2018,5,15,1,20,0
2018-05-16,25.3,73.4,37971.9,2018,5,16,2,20,0
2018-05-17,26.3,70.3,39472.38,2018,5,17,3,20,0
2018-05-18,19.3,86.4,38565.18,2018,5,18,4,20,0
2018-05-19,17.6,53.6,33463.62,2018,5,19,5,20,0
2018-05-20,17.8,38.5,25763.76,2018,5,20,6,20,0
2018-05-21,17.5,57.4,35519.76,2018,5,21,0,21,0
2018-05-22,18.9,68.4,37188.9,2018,5,22,1,21,1
2018-05-23,18.9,57.8,37440.72,2018,5,23,2,21,0
2018-05-24,19.5,48.3,36173.52,2018,5,24,3,21,0
2018-05-25,20.4,42.9,35550.36,2018,5,25,4,21,0
2018-05-26,22,47.8,24325.56,2018,5,26,5,21,0
2018-05-27,21.3,54,20731.32,2018,5,27,6,21,0
2018-05-28,23,55,38080.08,2018,5,28,0,22,0
2018-05-29,23.3,63.9,39727.08,2018,5,29,1,22,0
2018-05-30,21.9,61.1,39123.9,2018,5,30,2,22,0
2018-05-31,21.2,53.8,38186.1,2018,5,31,3,22,0
2018-06-01,24.2,47.1,39819.6,2018,6,1,4,22,0
2018-06-02,24.2,38.8,31541.58,2018,6,2,5,22,0
2018-06-03,24.1,41.9,24560.46,2018,6,3,6,22,0
2018-06-04,23.5,50.4,37824.12,2018,6,4,0,23,0
2018-06-05,23.9,56.5,39307.5,2018,6,5,1,23,0
2018-06-06,24.2,59.3,38043.54,2018,6,6,2,23,1
2018-06-07,23.9,63,40324.32,2018,6,7,3,23,0
2018-06-08,21.9,66.9,36891.36,2018,6,8,4,23,0
2018-06-09,23,58.6,31952.34,2018,6,9,5,23,0
2018-06-10,21.5,56.1,25047,2018,6,10,6,23,0
2018-06-11,20.6,60.3,37080.54,2018,6,11,0,24,0
2018-06-12,22,60.6,38433.78,2018,6,12,1,24,0
2018-06-13,23.1,59.8,37516.86,2018,6,13,2,24,1
2018-06-14,22.5,57.3,39632.94,2018,6,14,3,24,0
2018-06-15,21.8,49.4,38224.62,2018,6,15,4,24,0
2018-06-16,22.3,48.4,31595.22,2018,6,16,5,24,0
2018-06-17,23.3,61.9,25500.78,2018,6,17,6,24,0
2018-06-18,25.7,53.4,39520.08,2018,6,18,0,25,0
2018-06-19,21.5,73.3,39388.14,2018,6,19,1,25,0
2018-06-20,23.4,62.9,39025.62,2018,6,20,2,25,0
2018-06-21,24.1,50.3,39648.6,2018,6,21,3,25,0
2018-06-22,25.7,44,38154.96,2018,6,22,4,25,0
2018-06-23,25.1,49.6,34772.04,2018,6,23,5,25,0
2018-06-24,26.3,54.5,24155.46,2018,6,24,6,25,0
2018-06-25,27.3,48.9,36719.82,2018,6,25,0,26,0
2018-06-26,23.6,80,39018.42,2018,6,26,1,26,0
2018-06-27,25.5,73.6,40603.32,2018,6,27,2,26,0
2018-06-28,24.7,77.5,41489.46,2018,6,28,3,26,0
2018-06-29,26.3,66.8,40558.14,2018,6,29,4,26,0
2018-06-30,25.7,73.5,36342.18,2018,6,30,5,26,0
2018-07-01,22.1,86,28503.9,2018,7,1,6,26,0
2018-07-02,23,87.6,39872.88,2018,7,2,0,27,0
2018-07-03,26.7,70.4,40839.48,2018,7,3,1,27,0
2018-07-04,26.1,78.5,41001.66,2018,7,4,2,27,0
2018-07-05,25.7,76.9,42168.78,2018,7,5,3,27,0
2018-07-06,23.7,70.3,25284.96,2018,7,6,4,27,0
2018-07-07,23.7,57.8,0,2018,7,7,5,27,0
2018-07-08,22.7,59.1,0,2018,7,8,6,27,0
2018-07-09,20.8,81.9,0,2018,7,9,0,28,0
2018-07-10,26.2,72,26255.34,2018,7,10,1,28,0
2018-07-11,28.7,69.9,41296.32,2018,7,11,2,28,0
2018-07-12,29,70.5,43363.8,2018,7,12,3,28,0
2018-07-13,29,67.1,41884.56,2018,7,13,4,28,0
2018-07-14,29.1,65.6,37323.18,2018,7,14,5,28,0
2018-07-15,29.7,62.5,26614.26,2018,7,15,6,28,0
2018-07-16,29.5,62.3,41172.3,2018,7,16,0,29,0
2018-07-17,28.9,63.1,41813.46,2018,7,17,1,29,0
2018-07-18,29.1,64.4,39921.48,2018,7,18,2,29,0
2018-07-19,29.2,60.9,40279.68,2018,7,19,3,29,0
2018-07-20,30.1,60.9,41331.24,2018,7,20,4,29,0
2018-07-21,31.3,53.9,36652.32,2018,7,21,5,29,0
2018-07-22,31.4,56.8,26196.12,2018,7,22,6,29,0
2018-07-23,30.9,59,40691.7,2018,7,23,0,30,0
2018-07-24,31.6,60,43228.26,2018,7,24,1,30,0
2018-07-25,31,61.8,43459.56,2018,7,25,2,30,0
2018-07-26,30.8,64,43014.96,2018,7,26,3,30,0
2018-07-27,31.2,64.1,42266.7,2018,7,27,4,30,0
2018-07-28,29.1,74.3,37779.48,2018,7,28,5,30,0
2018-07-29,30.3,60.6,25957.44,2018,7,29,6,30,0
2018-07-30,30.7,55.6,40681.08,2018,7,30,0,31,0
2018-07-31,31.5,53,42053.22,2018,7,31,1,31,0
2018-08-01,32.7,53.4,42622.2,2018,8,1,2,31,0
2018-08-02,33,48.8,43651.8,2018,8,2,3,31,0
2018-08-03,32.7,51.1,44056.08,2018,8,3,4,31,0
2018-08-04,30.7,61.9,38154.24,2018,8,4,5,31,0
2018-08-05,30.1,64.9,35738.28,2018,8,5,6,31,0
2018-08-06,30.3,68.5,42670.26,2018,8,6,0,32,0
2018-08-07,31,61.5,42796.26,2018,8,7,1,32,0
2018-08-08,30.8,60.9,42564.96,2018,8,8,2,32,0
2018-08-09,29.8,69.3,42895.98,2018,8,9,3,32,0
2018-08-10,30.5,65.3,43038.72,2018,8,10,4,32,0
2018-08-11,29.8,59.4,34691.76,2018,8,11,5,32,0
2018-08-12,30.1,60.5,23701.32,2018,8,12,6,32,0
2018-08-13,31.9,59,38854.62,2018,8,13,0,33,0
2018-08-14,32.4,54.5,40988.16,2018,8,14,1,33,0
2018-08-15,33.1,48.4,41403.96,2018,8,15,2,33,1
2018-08-16,29.8,53.9,40092.66,2018,8,16,3,33,0
2018-08-17,26.8,45,38895.12,2018,8,17,4,33,0
2018-08-18,26.6,45.3,34164.36,2018,8,18,5,33,0
2018-08-19,27.6,51.1,31578.48,2018,8,19,6,33,0
2018-08-20,28.9,53,38801.88,2018,8,20,0,34,0
2018-08-21,27.6,62.1,40871.16,2018,8,21,1,34,0
2018-08-22,30.8,55.1,41838.84,2018,8,22,2,34,0
2018-08-23,29.8,58.5,42096.06,2018,8,23,3,34,0
2018-08-24,25,82.9,41263.2,2018,8,24,4,34,0
2018-08-25,24.7,72.3,35641.26,2018,8,25,5,34,0
2018-08-26,21.5,82.1,24784.38,2018,8,26,6,34,0
2018-08-27,23.2,89.5,37526.58,2018,8,27,0,35,0
2018-08-28,26.1,85.1,41431.5,2018,8,28,1,35,0
2018-08-29,27.9,69.6,41178.06,2018,8,29,2,35,0
2018-08-30,26.2,82.8,42273.54,2018,8,30,3,35,0
2018-08-31,23.1,81.5,39779.82,2018,8,31,4,35,0
2018-09-01,24.8,64.3,37505.34,2018,9,1,5,35,0
2018-09-02,24.3,62.3,26520.12,2018,9,2,6,35,0
2018-09-03,24.5,78.6,37756.26,2018,9,3,0,36,0
2018-09-04,24.1,69.5,40924.44,2018,9,4,1,36,0
2018-09-05,24.1,59,39611.34,2018,9,5,2,36,0
2018-09-06,23.6,70.3,40460.94,2018,9,6,3,36,0
2018-09-07,21.7,67.8,37984.68,2018,9,7,4,36,0
2018-09-08,21.2,58.8,35442.9,2018,9,8,5,36,0
2018-09-09,21.7,60.4,24574.86,2018,9,9,6,36,0
2018-09-10,22.2,54.1,36922.86,2018,9,10,0,37,0
2018-09-11,20.6,54.3,38590.02,2018,9,11,1,37,0
2018-09-12,22.3,59.1,39556.26,2018,9,12,2,37,0
2018-09-13,22.3,68.9,40921.38,2018,9,13,3,37,0
2018-09-14,21.6,80.9,40122.36,2018,9,14,4,37,0
2018-09-15,21.9,85.1,39944.7,2018,9,15,5,37,0
2018-09-16,22.5,77.4,34840.98,2018,9,16,6,37,0
2018-09-17,22.9,61.6,40165.2,2018,9,17,0,38,0
2018-09-18,22,57.6,39622.5,2018,9,18,1,38,0
2018-09-19,21.3,66.5,40082.94,2018,9,19,2,38,0
2018-09-20,20.1,76.4,39680.64,2018,9,20,3,38,0
2018-09-21,19.4,84.8,37182.96,2018,9,21,4,38,0
2018-09-22,21.2,65.5,24993.9,2018,9,22,5,38,0
2018-09-23,19.6,60.4,15431.22,2018,9,23,6,38,1
2018-09-24,17.5,58.4,14655.78,2018,9,24,0,39,1
2018-09-25,17.6,59,14456.88,2018,9,25,1,39,1
2018-09-26,18.6,58.5,20189.34,2018,9,26,2,39,1
2018-09-27,18.4,58.4,32766.48,2018,9,27,3,39,0
2018-09-28,17.8,64.5,34506.18,2018,9,28,4,39,0
2018-09-29,20,63,34868.52,2018,9,29,5,39,0
2018-09-30,18,59.1,23931.54,2018,9,30,6,39,0
2018-10-01,14.9,69.1,32788.8,2018,10,1,0,40,0
2018-10-02,16,63.9,33077.88,2018,10,2,1,40,0
2018-10-03,16.3,64.5,34135.02,2018,10,3,2,40,1
2018-10-04,19.7,57,33967.62,2018,10,4,3,40,0
2018-10-05,17.2,86.4,32599.8,2018,10,5,4,40,0
2018-10-06,18.4,80.5,28602.9,2018,10,6,5,40,0
2018-10-07,17.7,66.3,21185.82,2018,10,7,6,40,0
2018-10-08,14.4,57.1,30351.6,2018,10,8,0,41,0
2018-10-09,15.2,61.8,33374.16,2018,10,9,1,41,1
2018-10-10,14.4,53.6,33873.48,2018,10,10,2,41,0
2018-10-11,11.2,54,32005.8,2018,10,11,3,41,0
2018-10-12,11.2,58,30360.24,2018,10,12,4,41,0
2018-10-13,12.3,61.4,25718.76,2018,10,13,5,41,0
2018-10-14,13.5,61.9,20894.58,2018,10,14,6,41,0
2018-10-15,15,66.6,31599.18,2018,10,15,0,42,0
2018-10-16,13.7,76.4,32293.08,2018,10,16,1,42,0
2018-10-17,12.8,63.9,32367.96,2018,10,17,2,42,0
2018-10-18,11.1,72,31737.78,2018,10,18,3,42,0
2018-10-19,12.7,62.6,31658.94,2018,10,19,4,42,0
2018-10-20,12.9,59.5,25481.88,2018,10,20,5,42,0
2018-10-21,12.8,57.9,22945.14,2018,10,21,6,42,0
2018-10-22,13.8,59,30532.14,2018,10,22,0,43,0
2018-10-23,11.7,82.4,33336.54,2018,10,23,1,43,0
2018-10-24,12.3,74,33017.04,2018,10,24,2,43,0
2018-10-25,13.3,65.1,33207.66,2018,10,25,3,43,0
2018-10-26,12,78.4,31829.22,2018,10,26,4,43,0
2018-10-27,9.8,60.4,24986.16,2018,10,27,5,43,0
2018-10-28,10.6,68.4,18072.54,2018,10,28,6,43,0
2018-10-29,9.7,67.8,28489.32,2018,10,29,0,44,0
2018-10-30,7.4,53.4,29824.74,2018,10,30,1,44,0
2018-10-31,8.3,58.8,30375.18,2018,10,31,2,44,0
2018-11-01,7.9,60.6,30352.14,2018,11,1,3,44,0
2018-11-02,9.9,56.9,29758.32,2018,11,2,4,44,0
2018-11-03,10.7,58.5,27607.14,2018,11,3,5,44,0
2018-11-04,11,58.3,18473.58,2018,11,4,6,44,0
2018-11-05,11.1,63,27608.76,2018,11,5,0,45,0
2018-11-06,12.2,66.4,30670.92,2018,11,6,1,45,0
2018-11-07,12.7,82.8,31541.22,2018,11,7,2,45,0
2018-11-08,14,88.4,32532.12,2018,11,8,3,45,0
2018-11-09,12.4,70.1,32554.08,2018,11,9,4,45,0
2018-11-10,12.3,72.5,21230.82,2018,11,10,5,45,0
2018-11-11,9,79,13923.18,2018,11,11,6,45,0
2018-11-12,9.3,59.1,28314,2018,11,12,0,46,0
2018-11-13,9,63.6,30046.68,2018,11,13,1,46,0
2018-11-14,9.5,65,29336.22,2018,11,14,2,46,0
2018-11-15,9.7,63.6,29506.5,2018,11,15,3,46,0
2018-11-16,9.9,65.6,28139.76,2018,11,16,4,46,0
2018-11-17,7.1,52.9,27053.46,2018,11,17,5,46,0
2018-11-18,6.3,58.9,15946.92,2018,11,18,6,46,0
2018-11-19,8.5,56.5,28269.54,2018,11,19,0,47,0
2018-11-20,7,38.3,30471.84,2018,11,20,1,47,0
2018-11-21,4.4,68.8,30458.52,2018,11,21,2,47,0
2018-11-22,3.8,55.1,30996.9,2018,11,22,3,47,0
2018-11-23,2.5,39.1,28384.92,2018,11,23,4,47,0
2018-11-24,4,74.4,26502.12,2018,11,24,5,47,0
2018-11-25,6.9,76.1,17896.68,2018,11,25,6,47,0
2018-11-26,5.7,75,29427.48,2018,11,26,0,48,0
2018-11-27,7.8,72.5,31263.66,2018,11,27,1,48,0
2018-11-28,6.1,31.3,31413.6,2018,11,28,2,48,0
2018-11-29,5.1,45,29669.58,2018,11,29,3,48,0
2018-11-30,4.9,51.1,29101.14,2018,11,30,4,48,0
2018-12-01,5.3,58.3,18806.22,2018,12,1,5,48,0
2018-12-02,7.7,64.4,14528.16,2018,12,2,6,48,0
2018-12-03,11.8,88.6,28045.8,2018,12,3,0,49,0
2018-12-04,9,77.4,32017.14,2018,12,4,1,49,0
2018-12-05,1.7,49.5,31308.84,2018,12,5,2,49,0
2018-12-06,2.8,67.5,30474.36,2018,12,6,3,49,0
2018-12-07,-4.7,49,27714.78,2018,12,7,4,49,0
2018-12-08,-6.2,48.4,21256.2,2018,12,8,5,49,0
2018-12-09,-5.7,36.5,17774.46,2018,12,9,6,49,0
2018-12-10,-2.5,38.9,27374.22,2018,12,10,0,50,0
2018-12-11,-1.2,68.9,30443.4,2018,12,11,1,50,0
2018-12-12,-0.9,53,29542.32,2018,12,12,2,50,0
2018-12-13,-1.3,66.6,30044.16,2018,12,13,3,50,0
2018-12-14,-2.9,51.6,27823.86,2018,12,14,4,50,0
2018-12-15,-2.7,54,20748.96,2018,12,15,5,50,0
2018-12-16,0.2,64,17494.92,2018,12,16,6,50,0
2018-12-17,3.1,63.5,28573.2,2018,12,17,0,51,0
2018-12-18,2.9,68.9,30333.78,2018,12,18,1,51,0
2018-12-19,5.8,59.3,30306.24,2018,12,19,2,51,0
2018-12-20,4.1,53.3,29476.62,2018,12,20,3,51,0
2018-12-21,4.6,57.5,28030.14,2018,12,21,4,51,0
2018-12-22,7,57.4,26251.38,2018,12,22,5,51,0
2018-12-23,5,47,20125.98,2018,12,23,6,51,0
2018-12-24,-0.7,42.4,29875.32,2018,12,24,0,52,0
2018-12-25,-0.6,61.9,28390.68,2018,12,25,1,52,1
2018-12-26,1.2,44.5,28571.58,2018,12,26,2,52,0
2018-12-27,-7,37.6,29139.12,2018,12,27,3,52,0
2018-12-28,-9,46.4,26954.46,2018,12,28,4,52,0
2018-12-29,-6,43.4,22192.56,2018,12,29,5,52,0
2018-12-30,-5.7,40.5,17075.34,2018,12,30,6,52,0
2018-12-31,-4.7,48.9,27001.8,2018,12,31,0,1,0
2019-01-01,-2.7,61.5,28811.88,2019,1,1,1,1,1
2019-01-02,-3.1,51,28611.54,2019,1,2,2,1,0
2019-01-03,-2.5,46,29543.58,2019,1,3,3,1,0
2019-01-04,-1.2,52,29325.24,2019,1,4,4,1,0
2019-01-05,-0.7,44,26825.4,2019,1,5,5,1,0
2019-01-06,-2.3,49,22920.12,2019,1,6,6,1,0
2019-01-07,-1,61,28456.2,2019,1,7,0,2,0
2019-01-08,-1.8,48,30205.44,2019,1,8,1,2,0
2019-01-09,-3.6,38,28879.02,2019,1,9,2,2,0
2019-01-10,-1,54,30189.6,2019,1,10,3,2,0
2019-01-11,2.6,58,29490.66,2019,1,11,4,2,0
2019-01-12,4.3,57,25870.86,2019,1,12,5,2,0
2019-01-13,1.8,60,18464.04,2019,1,13,6,2,0
2019-01-14,1.3,69,28821.42,2019,1,14,0,3,0
2019-01-15,-0.3,66,31565.34,2019,1,15,1,3,0
2019-01-16,-3.8,46,30364.38,2019,1,16,2,3,0
2019-01-17,0.6,53,31736.88,2019,1,17,3,3,0
2019-01-18,0.8,59,31583.52,2019,1,18,4,3,0
2019-01-19,2.1,59,30444.84,2019,1,19,5,3,0
2019-01-20,0.5,47,23955.66,2019,1,20,6,3,0
2019-01-21,0.1,51,29221.2,2019,1,21,0,4,0
2019-01-22,3.2,57,31932,2019,1,22,1,4,0
2019-01-23,2.7,51,32340.96,2019,1,23,2,4,0
2019-01-24,1.1,34,31852.98,2019,1,24,3,4,0
2019-01-25,-0.6,41,31337.1,2019,1,25,4,4,0
2019-01-26,-2.1,36,28095.3,2019,1,26,5,4,0
2019-01-27,-0.8,55,23067.54,2019,1,27,6,4,0
2019-01-28,1.7,53,30362.94,2019,1,28,0,5,0
2019-01-29,0.4,42,31454.64,2019,1,29,1,5,0
2019-01-30,2.5,52,31381.74,2019,1,30,2,5,0
2019-01-31,-0.2,49,30893.58,2019,1,31,3,5,0
2019-02-01,-1.1,51,25314.66,2019,2,1,4,5,0
2019-02-02,1.5,63,13437.36,2019,2,2,5,5,0
2019-02-03,4.4,86,11043.54,2019,2,3,6,5,0
2019-02-04,1.4,40,10658.88,2019,2,4,0,6,1
2019-02-05,3.4,45,10498.32,2019,2,5,1,6,1
2019-02-06,6.1,57,13129.2,2019,2,6,2,6,1
2019-02-07,0.5,53,27292.86,2019,2,7,3,6,0
2019-02-08,-3.9,39,29790.9,2019,2,8,4,6,0
2019-02-09,-3.3,41,24200.28,2019,2,9,5,6,0
2019-02-10,-2.9,37,16687.44,2019,2,10,6,6,0
2019-02-11,-1.7,40,26245.08,2019,2,11,0,7,0
2019-02-12,-0.2,49,30041.28,2019,2,12,1,7,0
2019-02-13,-0.3,38,28874.52,2019,2,13,2,7,0
2019-02-14,0.9,40,29924.82,2019,2,14,3,7,0
2019-02-15,1,60,28553.4,2019,2,15,4,7,0
2019-02-16,-1.4,66,22255.02,2019,2,16,5,7,0
2019-02-17,-0.6,50,16225.92,2019,2,17,6,7,0
2019-02-18,1.8,50,27019.26,2019,2,18,0,8,0
2019-02-19,1.6,89,30325.5,2019,2,19,1,8,0
2019-02-20,2.3,72,32400.18,2019,2,20,2,8,0
2019-02-21,2.3,69,31044.6,2019,2,21,3,8,0
2019-02-22,3.5,63,29019.24,2019,2,22,4,8,0
2019-02-23,5.9,55,22524.3,2019,2,23,5,8,0
2019-02-24,6.6,60,16939.44,2019,2,24,6,8,0
2019-02-25,5.7,54,27620.28,2019,2,25,0,9,0
2019-02-26,5.6,42,31635.36,2019,2,26,1,9,0
2019-02-27,7,60,32220.18,2019,2,27,2,9,0
2019-02-28,6.5,59,31000.32,2019,2,28,3,9,0
2019-03-01,6.2,53,24114.96,2019,3,1,4,9,1
2019-03-02,7.7,44,14342.58,2019,3,2,5,9,0
2019-03-03,9.2,43,13030.74,2019,3,3,6,9,0
2019-03-04,10.3,43,24045.12,2019,3,4,0,10,0
2019-03-05,8.7,60,25790.58,2019,3,5,1,10,0
2019-03-06,9.4,56,25211.88,2019,3,6,2,10,0
2019-03-07,7.1,62,26741.34,2019,3,7,3,10,0
2019-03-08,7.1,49,24534.36,2019,3,8,4,10,0
2019-03-09,8.2,39,18848.34,2019,3,9,5,10,0
2019-03-10,8.5,48,15697.8,2019,3,10,6,10,0
2019-03-11,6.1,78,25828.56,2019,3,11,0,11,0
2019-03-12,4.4,70,27951.84,2019,3,12,1,11,0
2019-03-13,3.8,38,31119.12,2019,3,13,2,11,0
2019-03-14,5.9,42,30225.06,2019,3,14,3,11,0
2019-03-15,7.3,64,28627.92,2019,3,15,4,11,0
2019-03-16,6.1,64,23885.1,2019,3,16,5,11,0
2019-03-17,7.3,48,16792.38,2019,3,17,6,11,0
2019-03-18,7.4,41,27721.98,2019,3,18,0,12,0
2019-03-19,11.5,48,32789.34,2019,3,19,1,12,0
2019-03-20,11.2,76,32124.24,2019,3,20,2,12,0
2019-03-21,8.5,77,33295.32,2019,3,21,3,12,0
2019-03-22,4.3,50,30932.64,2019,3,22,4,12,0
2019-03-23,4,54,25966.8,2019,3,23,5,12,0
2019-03-24,5.1,51,16628.04,2019,3,24,6,12,0
2019-03-25,7.9,54,28675.08,2019,3,25,0,13,0
2019-03-26,11.7,44,32544.18,2019,3,26,1,13,0
2019-03-27,14,54,33982.56,2019,3,27,2,13,0
2019-03-28,11.2,49,33230.52,2019,3,28,3,13,0
2019-03-29,10.9,41,32022.54,2019,3,29,4,13,0
2019-03-30,5.7,69,25929,2019,3,30,5,13,0
2019-03-31,5.4,47,17414.1,2019,3,31,6,13,0
2019-04-01,5.9,43,28231.56,2019,4,1,0,14,0
2019-04-02,7.3,36,31915.8,2019,4,2,1,14,0
2019-04-03,8,31,31058.82,2019,4,3,2,14,0
2019-04-04,9.9,37,32272.74,2019,4,4,3,14,0
2019-04-05,11.7,43,30067.02,2019,4,5,4,14,0
2019-04-06,11.6,35,23658.12,2019,4,6,5,14,0
2019-04-07,14.6,33,16207.38,2019,4,7,6,14,0
2019-04-08,13,27,27449.82,2019,4,8,0,15,0
2019-04-09,10.8,45,32649.48,2019,4,9,1,15,0
2019-04-10,8.2,73,33586.74,2019,4,10,2,15,0
2019-04-11,10.2,62,33157.62,2019,4,11,3,15,0
2019-04-12,12.1,45,32551.92,2019,4,12,4,15,0
2019-04-13,12.8,39,25954.56,2019,4,13,5,15,0
2019-04-14,10.5,50,17653.86,2019,4,14,6,15,0
2019-04-15,12.2,40,28083.42,2019,4,15,0,16,0
2019-04-16,15.5,31,34008.48,2019,4,16,1,16,0
2019-04-17,16.9,38,34918.56,2019,4,17,2,16,0
2019-04-18,15.7,60,34251.66,2019,4,18,3,16,0
2019-04-19,14.2,67,32748.66,2019,4,19,4,16,0
2019-04-20,16.6,59,26217.72,2019,4,20,5,16,0
2019-04-21,17.4,69,18723.78,2019,4,21,6,16,0
2019-04-22,21,52,29671.2,2019,4,22,0,17,0
2019-04-23,19.5,63,36622.44,2019,4,23,1,17,0
2019-04-24,18.4,82,36721.26,2019,4,24,2,17,0
2019-04-25,15.5,84,34957.62,2019,4,25,3,17,0
2019-04-26,9.8,82,32018.04,2019,4,26,4,17,0
2019-04-27,12.4,58,21735.9,2019,4,27,5,17,0
2019-04-28,13.1,61,15418.26,2019,4,28,6,17,0
2019-04-29,12,81,27705.6,2019,4,29,0,18,0
2019-04-30,16.2,68,33266.7,2019,4,30,1,18,0
2019-05-01,16.6,57,32707.62,2019,5,1,2,18,0
2019-05-02,16.7,48,33663.96,2019,5,2,3,18,0
2019-05-03,19,39,32506.2,2019,5,3,4,18,0
2019-05-04,20.1,39,25855.38,2019,5,4,5,18,0
2019-05-05,19.8,35,17091.54,2019,5,5,6,18,1
2019-05-06,14.9,36,27796.32,2019,5,6,0,19,1
2019-05-07,15.6,34,32908.32,2019,5,7,1,19,0
2019-05-08,16.5,39,34200.36,2019,5,8,2,19,0
2019-05-09,17.9,38,35241.12,2019,5,9,3,19,0
2019-05-10,18.7,40,33356.16,2019,5,10,4,19,0
2019-05-11,20.7,37,24043.86,2019,5,11,5,19,0
2019-05-12,22.1,39,16376.4,2019,5,12,6,19,1
2019-05-13,20.7,45,29122.56,2019,5,13,0,20,0
2019-05-14,21.1,55,35668.8,2019,5,14,1,20,0
2019-05-15,22.1,56,37112.94,2019,5,15,2,20,0
2019-05-16,24.2,49,39068.46,2019,5,16,3,20,0
2019-05-17,24.5,47,37542.96,2019,5,17,4,20,0
2019-05-18,20.3,68,26741.88,2019,5,18,5,20,0
2019-05-19,20.6,79,19484.1,2019,5,19,6,20,0
2019-05-20,17.2,57,30396.42,2019,5,20,0,21,0
2019-05-21,18.1,51,36941.76,2019,5,21,1,21,0
2019-05-22,20.9,42,37059.12,2019,5,22,2,21,0
2019-05-23,23.1,46,38330.82,2019,5,23,3,21,0
2019-05-24,25,50,38421,2019,5,24,4,21,0
2019-05-25,24.5,43,30775.32,2019,5,25,5,21,0
2019-05-26,25.5,39,22303.8,2019,5,26,6,21,0
2019-05-27,18.3,83,32544.18,2019,5,27,0,22,0
2019-05-28,19.2,42,37453.5,2019,5,28,1,22,0
2019-05-29,21,41,37220.94,2019,5,29,2,22,0
2019-05-30,20.5,51,37978.56,2019,5,30,3,22,0
2019-05-31,19.7,55,36581.76,2019,5,31,4,22,0
2019-06-01,19.4,63,30052.62,2019,6,1,5,22,0
2019-06-02,22.3,48,19096.74,2019,6,2,6,22,0
2019-06-03,24,44,31935.42,2019,6,3,0,23,0
2019-06-04,24.5,52,39577.86,2019,6,4,1,23,0
2019-06-05,24.4,64,40768.92,2019,6,5,2,23,0
2019-06-06,22.2,72,39164.22,2019,6,6,3,23,1
2019-06-07,19.3,85,37946.16,2019,6,7,4,23,0
2019-06-08,22.4,66,30720.42,2019,6,8,5,23,0
2019-06-09,22.5,64,19896.84,2019,6,9,6,23,0
2019-06-10,19.4,68,31233.06,2019,6,10,0,24,0
2019-06-11,21.1,56,37633.86,2019,6,11,1,24,0
2019-06-12,21.9,61,38801.16,2019,6,12,2,24,0
2019-06-13,23.9,56,41124.78,2019,6,13,3,24,0
2019-06-14,22.6,62,38674.44,2019,6,14,4,24,0
2019-06-15,22.3,62,30500.82,2019,6,15,5,24,0
2019-06-16,22.2,64,18460.44,2019,6,16,6,24,0
2019-06-17,22.4,64,31627.26,2019,6,17,0,25,0
2019-06-18,22.2,67,37827.54,2019,6,18,1,25,0
2019-06-19,22.8,71,38336.22,2019,6,19,2,25,0
2019-06-20,23.5,68,39410.64,2019,6,20,3,25,0
2019-06-21,23.9,64,39652.74,2019,6,21,4,25,0
2019-06-22,24.4,58,29567.34,2019,6,22,5,25,0
2019-06-23,24.7,49,26495.82,2019,6,23,6,25,0
2019-06-24,25.5,49,38750.94,2019,6,24,0,26,0
2019-06-25,26.4,49,40950.9,2019,6,25,1,26,0
2019-06-26,23,69,41482.26,2019,6,26,2,26,0
2019-06-27,25.3,75,42785.1,2019,6,27,3,26,0
2019-06-28,25.8,71,40759.38,2019,6,28,4,26,0
2019-06-29,22.4,87,36475.02,2019,6,29,5,26,0
2019-06-30,24.3,78,26038.8,2019,6,30,6,26,0
2019-07-01,24.5,71,39814.2,2019,7,1,0,27,0
2019-07-02,24.5,64,41748.3,2019,7,2,1,27,0
2019-07-03,24.8,68,41597.1,2019,7,3,2,27,0
2019-07-04,26,55,41258.52,2019,7,4,3,27,0
2019-07-05,27.9,47,39960.72,2019,7,5,4,27,0
2019-07-06,28.6,44,37481.58,2019,7,6,5,27,0
2019-07-07,25.9,52,23646.78,2019,7,7,6,27,0
2019-07-08,24.9,55,38720.88,2019,7,8,0,28,0
2019-07-09,24.8,54,40219.02,2019,7,9,1,28,0
2019-07-10,21.8,74,38640.78,2019,7,10,2,28,0
2019-07-11,21.5,90,41369.04,2019,7,11,3,28,0
2019-07-12,23.8,73,40925.16,2019,7,12,4,28,0
2019-07-13,24.6,74,37386.36,2019,7,13,5,28,0
2019-07-14,25.9,72,25684.92,2019,7,14,6,28,0
2019-07-15,24,83,39069.36,2019,7,15,0,29,0
2019-07-16,25,74,41991.12,2019,7,16,1,29,0
2019-07-17,26.9,70,43079.58,2019,7,17,2,29,0
2019-07-18,26.5,71,42683.94,2019,7,18,3,29,0
2019-07-19,27.9,69,41707.08,2019,7,19,4,29,0
2019-07-20,26.6,79,35948.16,2019,7,20,5,29,0
2019-07-21,25.2,89,24149.16,2019,7,21,6,29,0
2019-07-22,28.3,76,41213.7,2019,7,22,0,30,0
2019-07-23,29.4,72,44691.48,2019,7,23,1,30,0
2019-07-24,28.3,74,43900.56,2019,7,24,2,30,0
2019-07-25,26.1,94,43779.96,2019,7,25,3,30,0
2019-07-26,27.2,89,43502.4,2019,7,26,4,30,0
2019-07-27,28.6,82,40285.98,2019,7,27,5,30,0
2019-07-28,26.9,89,27702,2019,7,28,6,30,0
2019-07-29,29.2,72,43036.02,2019,7,29,0,31,0
2019-07-30,29.8,70,46017.9,2019,7,30,1,31,0
2019-07-31,29.8,70,44616.96,2019,7,31,2,31,0
2019-08-01,29.5,72,43570.44,2019,8,1,3,31,0
2019-08-02,30.3,68,44599.14,2019,8,2,4,31,0
2019-08-03,30.4,67,40739.76,2019,8,3,5,31,0
2019-08-04,30.6,68,35318.16,2019,8,4,6,31,0
2019-08-05,30.8,69,43387.02,2019,8,5,0,32,0
2019-08-06,30.7,58,46429.56,2019,8,6,1,32,0
2019-08-07,28.7,75,45503.28,2019,8,7,2,32,0
2019-08-08,27.3,83,45617.4,2019,8,8,3,32,0
2019-08-09,29.7,73,45842.4,2019,8,9,4,32,0
2019-08-10,30.7,65,40288.68,2019,8,10,5,32,0
2019-08-11,30.7,58,26843.04,2019,8,11,6,32,0
2019-08-12,28.8,79,43703.28,2019,8,12,0,33,0
2019-08-13,31.2,65,46999.08,2019,8,13,1,33,0
2019-08-14,31.3,59,47706.66,2019,8,14,2,33,0
2019-08-15,26,84,45971.64,2019,8,15,3,33,1
2019-08-16,27.3,75,46283.76,2019,8,16,4,33,0
2019-08-17,26.7,73,39147.84,2019,8,17,5,33,0
2019-08-18,25.8,66,23693.58,2019,8,18,6,33,0
2019-08-19,26.7,66,42563.52,2019,8,19,0,34,0
2019-08-20,27.9,61,46124.64,2019,8,20,1,34,0
2019-08-21,28,66,45682.56,2019,8,21,2,34,0
2019-08-22,26.5,74,45847.62,2019,8,22,3,34,0
2019-08-23,25.4,65,44038.44,2019,8,23,4,34,0
2019-08-24,23.9,72,36694.44,2019,8,24,5,34,0
2019-08-25,25,69,24211.62,2019,8,25,6,34,0
2019-08-26,26.7,62,42046.56,2019,8,26,0,35,0
2019-08-27,23.1,80,44954.46,2019,8,27,1,35,0
2019-08-28,24.8,78,45006.12,2019,8,28,2,35,0
2019-08-29,23.1,82,44867.88,2019,8,29,3,35,0
2019-08-30,23.4,69,43930.08,2019,8,30,4,35,0
2019-08-31,23.8,69,37692.36,2019,8,31,5,35,0
2019-09-01,23.8,73,30000.6,2019,9,1,6,35,0
2019-09-02,23.6,76,41091.12,2019,9,2,0,36,0
2019-09-03,23,85,43827.48,2019,9,3,1,36,0
2019-09-04,23.9,86,45213.84,2019,9,4,2,36,0
2019-09-05,24.3,87,45264.96,2019,9,5,3,36,0
2019-09-06,26.7,78,43967.52,2019,9,6,4,36,0
2019-09-07,27.3,72.4,39875.22,2019,9,7,5,36,0
2019-09-08,25.5,80,31848.3,2019,9,8,6,36,0
2019-09-09,24.4,90,41217.12,2019,9,9,0,37,0
2019-09-10,27.9,71,40728.42,2019,9,10,1,37,0
2019-09-11,24.6,81,31168.62,2019,9,11,2,37,0
2019-09-12,22,67,19790.1,2019,9,12,3,37,1
2019-09-13,23.3,63,16807.86,2019,9,13,4,37,1
2019-09-14,23.1,75,16671.78,2019,9,14,5,37,1
2019-09-15,25.5,71,21332.7,2019,9,15,6,37,0
2019-09-16,25,63,37159.74,2019,9,16,0,38,0
2019-09-17,23.5,54,39747.78,2019,9,17,1,38,0
2019-09-18,22.4,53,39584.88,2019,9,18,2,38,0
2019-09-19,20.5,59,39966.48,2019,9,19,3,38,0
2019-09-20,20.5,60,36838.08,2019,9,20,4,38,0
2019-09-21,17.7,81,27259.74,2019,9,21,5,38,0
2019-09-22,16.6,89,19403.1,2019,9,22,6,38,0
2019-09-23,18.7,69,33526.98,2019,9,23,0,39,0
2019-09-24,18.6,72,38857.32,2019,9,24,1,39,0
2019-09-25,19.5,71,39812.04,2019,9,25,2,39,0
2019-09-26,21.8,66,39825.54,2019,9,26,3,39,0
2019-09-27,22.8,64,39000.06,2019,9,27,4,39,0
2019-09-28,24.3,68,30477.06,2019,9,28,5,39,0
2019-09-29,22.8,65,19296.9,2019,9,29,6,39,0
2019-09-30,22.5,64,35307,2019,9,30,0,40,0
2019-10-01,22.9,75,41437.26,2019,10,1,1,40,0
2019-10-02,21.4,88,43127.28,2019,10,2,2,40,0
2019-10-03,22.8,78,40489.56,2019,10,3,3,40,1
2019-10-04,22.7,78,39023.46,2019,10,4,4,40,0
2019-10-05,19.1,78,29882.88,2019,10,5,5,40,0
2019-10-06,18.3,60,20745.54,2019,10,6,6,40,0
2019-10-07,15.6,84,35421.48,2019,10,7,0,41,0
2019-10-08,16,63,35990.28,2019,10,8,1,41,0
2019-10-09,13.9,58,36688.68,2019,10,9,2,41,1
2019-10-10,14.4,68,35352.9,2019,10,10,3,41,0
2019-10-11,17.6,66,34367.94,2019,10,11,4,41,0
2019-10-12,18.3,57,24608.88,2019,10,12,5,41,0
2019-10-13,16.7,60,16453.8,2019,10,13,6,41,0
2019-10-14,14.9,65,35848.08,2019,10,14,0,42,0
2019-10-15,14.8,61,35616.24,2019,10,15,1,42,0
2019-10-16,14.9,66,35793.36,2019,10,16,2,42,0
2019-10-17,15.4,66,38144.16,2019,10,17,3,42,0
2019-10-18,16.3,68,36350.82,2019,10,18,4,42,0
2019-10-19,17.4,66,30458.34,2019,10,19,5,42,0
2019-10-20,15.6,71,21790.08,2019,10,20,6,42,0
2019-10-21,16.4,67,34857.72,2019,10,21,0,43,0
2019-10-22,17.4,63,37663.74,2019,10,22,1,43,0
2019-10-23,17.1,63,38906.64,2019,10,23,2,43,0
2019-10-24,18.8,51,36485.64,2019,10,24,3,43,0
2019-10-25,17.7,59,31547.34,2019,10,25,4,43,0
2019-10-26,12.3,60,21362.22,2019,10,26,5,43,0
2019-10-27,11.1,63,15162.66,2019,10,27,6,43,0
2019-10-28,12.4,61,31500,2019,10,28,0,44,0
2019-10-29,13.8,65,34364.7,2019,10,29,1,44,0
2019-10-30,11.9,64,33712.38,2019,10,30,2,44,0
2019-10-31,13.7,72,32306.22,2019,10,31,3,44,0
2019-11-01,15.5,61,33261.12,2019,11,1,4,44,0
2019-11-02,14.2,70,30287.52,2019,11,2,5,44,0
2019-11-03,14.7,69,19792.08,2019,11,3,6,44,0
2019-11-04,14.2,61,31541.04,2019,11,4,0,45,0
2019-11-05,12.4,70,34040.16,2019,11,5,1,45,0
2019-11-06,11.5,70,33916.32,2019,11,6,2,45,0
2019-11-07,11,56,33384.78,2019,11,7,3,45,0
2019-11-08,7.5,48,29899.44,2019,11,8,4,45,0
2019-11-09,8.6,51,17860.32,2019,11,9,5,45,0
2019-11-10,9.3,66,14201.1,2019,11,10,6,45,0
2019-11-11,11.3,79,31368.06,2019,11,11,0,46,0
2019-11-12,9.7,74,33638.94,2019,11,12,1,46,0
2019-11-13,7.9,78,35206.92,2019,11,13,2,46,0
2019-11-14,3.3,36,33133.5,2019,11,14,3,46,0
2019-11-15,9.6,64,31809.06,2019,11,15,4,46,0
2019-11-16,10.7,84,25691.58,2019,11,16,5,46,0
2019-11-17,9.2,91,16186.32,2019,11,17,6,46,0
2019-11-18,7.3,68,31828.86,2019,11,18,0,47,0
2019-11-19,2.5,65,32439.96,2019,11,19,1,47,0
2019-11-20,2.4,51,34122.96,2019,11,20,2,47,0
2019-11-21,4.5,50,31242.06,2019,11,21,3,47,0
2019-11-22,10.2,52,29467.44,2019,11,22,4,47,0
2019-11-23,11.7,69,21205.08,2019,11,23,5,47,0
2019-11-24,12.2,74,10989.18,2019,11,24,6,47,0
2019-11-25,3.5,66,28920.78,2019,11,25,0,48,0
2019-11-26,7.7,68,32385.6,2019,11,26,1,48,0
2019-11-27,5.7,51,31237.92,2019,11,27,2,48,0
2019-11-28,4.8,62,31543.2,2019,11,28,3,48,0
2019-11-29,3.7,46,31510.8,2019,11,29,4,48,0
2019-11-30,5.1,50,23092.92,2019,11,30,5,48,0
2019-12-01,6.4,75,12830.76,2019,12,1,6,48,0
2019-12-02,2.7,57,29635.38,2019,12,2,0,49,0
2019-12-03,1.6,73,31395.96,2019,12,3,1,49,0
2019-12-04,5.3,61,33047.82,2019,12,4,2,49,0
2019-12-05,-0.9,45,31595.4,2019,12,5,3,49,0
2019-12-06,-4.2,43,30463.92,2019,12,6,4,49,0
2019-12-07,-0.9,61,27770.04,2019,12,7,5,49,0
2019-12-08,0.6,64,14947.74,2019,12,8,6,49,0
2019-12-09,2.5,66,29133,2019,12,9,0,50,0
2019-12-10,7.7,73,32786.64,2019,12,10,1,50,0
2019-12-11,6.7,69,33470.28,2019,12,11,2,50,0
2019-12-12,1.4,48,34535.16,2019,12,12,3,50,0
2019-12-13,1.3,48,31193.1,2019,12,13,4,50,0
2019-12-14,3.8,59,20481.12,2019,12,14,5,50,0
2019-12-15,5.4,62,13566.78,2019,12,15,6,50,0
2019-12-16,8,68,28175.58,2019,12,16,0,51,0
2019-12-17,7.4,86,34162.56,2019,12,17,1,51,0
2019-12-18,3,67,33663.96,2019,12,18,2,51,0
2019-12-19,1.1,47,33098.22,2019,12,19,3,51,0
2019-12-20,0.6,62,32371.56,2019,12,20,4,51,0
2019-12-21,0.3,66,26209.08,2019,12,21,5,51,0
2019-12-22,3.7,68,15551.82,2019,12,22,6,51,0
2019-12-23,4.1,74,31262.22,2019,12,23,0,52,0
2019-12-24,0,82,32484.6,2019,12,24,1,52,0
2019-12-25,0.5,74,30872.16,2019,12,25,2,52,1
2019-12-26,2,74,32131.08,2019,12,26,3,52,0
2019-12-27,0.1,56,30547.8,2019,12,27,4,52,0
2019-12-28,0.6,59,25571.16,2019,12,28,5,52,0
2019-12-29,2.2,73,15176.34,2019,12,29,6,52,0
2019-12-30,3.8,83,29924.46,2019,12,30,0,1,0
2019-12-31,-5.7,56,33639.84,2019,12,31,1,1,0
2020-01-01,-2.1,72,32985.9,2020,1,1,2,1,1
2020-01-02,1.6,76,32809.86,2020,1,2,3,1,0
2020-01-03,1.9,69,30836.16,2020,1,3,4,1,0
2020-01-04,1.3,68,25650,2020,1,4,5,1,0
2020-01-05,1.4,60,14118.3,2020,1,5,6,1,0
2020-01-06,2.9,80,29940.84,2020,1,6,0,2,0
2020-01-07,7.9,96,34571.7,2020,1,7,1,2,0
2020-01-08,4.4,85.5,34832.52,2020,1,8,2,2,0
2020-01-09,1.1,68.5,33644.52,2020,1,9,3,2,0
2020-01-10,0.5,70,32329.62,2020,1,10,4,2,0
2020-01-11,1.2,68.3,25570.08,2020,1,11,5,2,0
2020-01-12,1.1,63.9,16070.4,2020,1,12,6,2,0
2020-01-13,-0.4,61.3,30085.74,2020,1,13,0,3,0
2020-01-14,-0.4,55,33624.18,2020,1,14,1,3,0
2020-01-15,-0.8,59,34401.78,2020,1,15,2,3,0
2020-01-16,-0.7,54,33942.42,2020,1,16,3,3,0
2020-01-17,-0.1,53.8,33709.32,2020,1,17,4,3,0
2020-01-18,1,49.3,31784.76,2020,1,18,5,3,0
2020-01-19,2.5,59.8,27871.56,2020,1,19,6,3,0
2020-01-20,2.3,59.6,33205.14,2020,1,20,0,4,0
2020-01-21,0.6,39,32743.08,2020,1,21,1,4,0
2020-01-22,2.3,50.6,32058.72,2020,1,22,2,4,0
2020-01-23,6,52.3,20697.48,2020,1,23,3,4,0
2020-01-24,4.6,64.3,11307.24,2020,1,24,4,4,1
2020-01-25,5.1,71.6,10677.96,2020,1,25,5,4,1
2020-01-26,6.7,63.5,10944.54,2020,1,26,6,4,1
2020-01-27,5.7,67.5,13846.86,2020,1,27,0,5,1
2020-01-28,6.9,67,24989.04,2020,1,28,1,5,0
2020-01-29,6.5,56.6,31730.76,2020,1,29,2,5,0
2020-01-30,6.3,50.6,31381.74,2020,1,30,3,5,0
2020-01-31,4.4,63,30119.4,2020,1,31,4,5,0
2020-02-01,2.9,70.5,25020.72,2020,2,1,5,5,0
2020-02-02,2.3,66.5,13047.66,2020,2,2,6,5,0
2020-02-03,1.4,52.6,25769.52,2020,2,3,0,6,0
2020-02-04,0.4,55.3,31479.66,2020,2,4,1,6,0
2020-02-05,-5.2,43.1,31410,2020,2,5,2,6,0
2020-02-06,-5,41,30519.36,2020,2,6,3,6,0
2020-02-07,-1.2,51.8,29782.44,2020,2,7,4,6,0
2020-02-08,1.3,53,22839.3,2020,2,8,5,6,0
2020-02-09,0.4,53.3,11908.62,2020,2,9,6,6,0
2020-02-10,5,50.6,25517.7,2020,2,10,0,7,0
2020-02-11,7,42.9,32752.98,2020,2,11,1,7,0
2020-02-12,7.4,83.9,30041.28,2020,2,12,2,7,0
2020-02-13,8.7,80.6,34321.86,2020,2,13,3,7,0
2020-02-14,6.7,81,30264.84,2020,2,14,4,7,0
2020-02-15,9.9,70.6,20758.32,2020,2,15,5,7,0
2020-02-16,0.5,79.3,12268.98,2020,2,16,6,7,0
2020-02-17,-4,72.9,24521.76,2020,2,17,0,8,0
2020-02-18,-2.1,58.5,30134.16,2020,2,18,1,8,0
2020-02-19,1.9,62.4,30289.68,2020,2,19,2,8,0
2020-02-20,5.6,61.9,28955.52,2020,2,20,3,8,0
2020-02-21,7.6,65.9,28252.5,2020,2,21,4,8,0
2020-02-22,5.9,57.9,25992.18,2020,2,22,5,8,0
2020-02-23,4,44.6,16752.6,2020,2,23,6,8,0
2020-02-24,7.2,49.6,26128.26,2020,2,24,0,9,0
2020-02-25,6.5,88.1,32967,2020,2,25,1,9,0
2020-02-26,7.3,69.6,33990.48,2020,2,26,2,9,0
2020-02-27,6.9,60.5,34296.48,2020,2,27,3,9,0
2020-02-28,5.3,78.4,33656.58,2020,2,28,4,9,0
2020-02-29,8.1,70.4,28896.84,2020,2,29,5,9,0
2020-03-01,6.9,74.5,26436.78,2020,3,1,6,9,0
2020-03-02,4.9,53.3,30085.92,2020,3,2,0,10,0
2020-03-03,7,37,32625.54,2020,3,3,1,10,0
2020-03-04,3.6,55,32163.12,2020,3,4,2,10,0
2020-03-05,2.4,44.6,32441.94,2020,3,5,3,10,0
2020-03-06,4.4,42.4,29955.6,2020,3,6,4,10,0
2020-03-07,6.1,57.3,23625.9,2020,3,7,5,10,0
2020-03-08,8.8,56.4,16733.88,2020,3,8,6,10,0
2020-03-09,10.6,53.5,26771.22,2020,3,9,0,11,0
2020-03-10,6.9,79.6,33196.68,2020,3,10,1,11,0
2020-03-11,4.8,43.1,33198.12,2020,3,11,2,11,0
2020-03-12,7.3,38.5,32990.04,2020,3,12,3,11,0
